# file	max_prose_run	forbid_hits — 래칫 기준선. 이보다 나빠지면 실패한다.
# 재집필이 끝난 편은 이 파일에서 행을 지운다. 줄 수가 곧 남은 부채다.
# forbid_hits 가 0 이 아닌 행은 voice 규칙 8 위반이 남아 있다는 뜻이다 — 재집필 때 펼쳐 쓴다.
src/algorithms/advanced/convexHullTrick/convexHullTrick-guide.mdx	4	0
src/algorithms/advanced/countInversions/countInversions-guide.mdx	3	0
src/algorithms/advanced/divideAndConquerDp/divideAndConquerDp-guide.mdx	4	0
src/algorithms/advanced/knuthOptimization/knuthOptimization-guide.mdx	4	0
src/algorithms/advanced/meetInTheMiddleSubsetSum/meetInTheMiddleSubsetSum-guide.mdx	4	0
src/algorithms/array/sparseTableRangeMin/sparseTableRangeMin-guide.mdx	3	0
src/algorithms/dp/expectedValueDp/expectedValueDp-guide.mdx	4	0
src/algorithms/dp/tspBitmask/tspBitmask-guide.mdx	4	1
src/algorithms/geometry/bentleyOttmann/bentleyOttmann-guide.mdx	4	0
src/algorithms/geometry/closestPairOfPoints/closestPairOfPoints-guide.mdx	4	0
src/algorithms/geometry/convexHull/convexHull-guide.mdx	3	0
src/algorithms/geometry/pointInPolygon/pointInPolygon-guide.mdx	4	0
src/algorithms/geometry/polygonArea/polygonArea-guide.mdx	3	0
src/algorithms/geometry/rotatingCalipersDiameter/rotatingCalipersDiameter-guide.mdx	4	0
src/algorithms/graph-flow/maxBipartiteMatching/maxBipartiteMatching-guide.mdx	5	0
src/algorithms/graph-flow/maxFlow/maxFlow-guide.mdx	3	0
src/algorithms/graph-flow/minCostMaxFlow/minCostMaxFlow-guide.mdx	7	0
src/algorithms/graph-flow/minCut/minCut-guide.mdx	4	0
src/algorithms/graph/articulationPoints/articulationPoints-guide.mdx	4	0
src/algorithms/graph/bridgesInGraph/bridgesInGraph-guide.mdx	4	0
src/algorithms/graph/stronglyConnectedComponents/stronglyConnectedComponents-guide.mdx	4	1
src/algorithms/graph/zeroOneBfs/zeroOneBfs-guide.mdx	5	0
src/algorithms/number-theory/crt/crt-guide.mdx	7	0
src/algorithms/number-theory/fftMultiply/fftMultiply-guide.mdx	8	0
src/algorithms/number-theory/millerRabin/millerRabin-guide.mdx	5	0
src/algorithms/number-theory/pollardRho/pollardRho-guide.mdx	5	0
src/algorithms/shortest-path/aStarSearch/aStarSearch-guide.mdx	5	0
src/algorithms/shortest-path/bellmanFord/bellmanFord-guide.mdx	3	0
src/algorithms/shortest-path/floydWarshall/floydWarshall-guide.mdx	4	0
src/algorithms/shortest-path/spfa/spfa-guide.mdx	4	0
src/algorithms/sorting/externalMergeSort/externalMergeSort-guide.mdx	4	0
src/algorithms/string/ahoCorasick/ahoCorasick-guide.mdx	6	0
src/algorithms/string/kasaiLcp/kasaiLcp-guide.mdx	7	0
src/algorithms/string/longestPalindrome/longestPalindrome-guide.mdx	7	1
src/algorithms/string/suffixArray/suffixArray-guide.mdx	7	0
src/algorithms/string/suffixAutomaton/suffixAutomaton-guide.mdx	4	0
src/algorithms/tree/heavyLightDecomposition/heavyLightDecomposition-guide.mdx	4	0
src/algorithms/tree/lowestCommonAncestor/lowestCommonAncestor-guide.mdx	5	0
src/algorithms/tree/subtreeSumQuery/subtreeSumQuery-guide.mdx	5	0
src/algorithms/tree/treeIsomorphism/treeIsomorphism-guide.mdx	2	0
src/algorithms/tree/treeRerooting/treeRerooting-guide.mdx	5	0
src/data-structures/disjoint-set/disjointSetRollback/disjointSetRollback-guide.mdx	4	0
src/data-structures/disjoint-set/unionFind/unionFind-guide.mdx	4	0
src/data-structures/graph-repr/dag/dag-guide.mdx	2	0
src/data-structures/graph-repr/graphAdjList/graphAdjList-guide.mdx	2	0
src/data-structures/graph-repr/graphAdjMatrix/graphAdjMatrix-guide.mdx	3	0
src/data-structures/hash/hashMapChaining/hashMapChaining-guide.mdx	7	0
src/data-structures/hash/hashMapOpenAddressing/hashMapOpenAddressing-guide.mdx	5	0
src/data-structures/hash/hashSet/hashSet-guide.mdx	5	0
src/data-structures/hash/lruCache/lruCache-guide.mdx	3	0
src/data-structures/hash/rollingHash/rollingHash-guide.mdx	4	0
src/data-structures/heap/binomialHeap/binomialHeap-guide.mdx	6	0
src/data-structures/heap/daryHeap/daryHeap-guide.mdx	3	0
src/data-structures/heap/fibonacciHeap/fibonacciHeap-guide.mdx	3	0
src/data-structures/heap/leftistHeap/leftistHeap-guide.mdx	5	0
src/data-structures/heap/maxHeap/maxHeap-guide.mdx	3	0
src/data-structures/heap/minHeap/minHeap-guide.mdx	2	0
src/data-structures/heap/pairingHeap/pairingHeap-guide.mdx	3	0
src/data-structures/heap/priorityQueue/priorityQueue-guide.mdx	5	0
src/data-structures/heap/vanEmdeBoasTree/vanEmdeBoasTree-guide.mdx	4	0
src/data-structures/linear/bitArray/bitArray-guide.mdx	5	0
src/data-structures/linear/circularBuffer/circularBuffer-guide.mdx	5	1
src/data-structures/linear/deque/deque-guide.mdx	3	0
src/data-structures/linear/doublyLinkedList/doublyLinkedList-guide.mdx	3	0
src/data-structures/linear/dynamicArray/dynamicArray-guide.mdx	5	0
src/data-structures/linear/gapBuffer/gapBuffer-guide.mdx	8	0
src/data-structures/linear/monotonicQueue/monotonicQueue-guide.mdx	5	0
src/data-structures/linear/monotonicStack/monotonicStack-guide.mdx	2	0
src/data-structures/linear/pieceTable/pieceTable-guide.mdx	4	0
src/data-structures/linear/queue/queue-guide.mdx	7	1
src/data-structures/linear/singlyLinkedList/singlyLinkedList-guide.mdx	6	0
src/data-structures/linear/stack/stack-guide.mdx	4	0
src/data-structures/linear/unrolledLinkedList/unrolledLinkedList-guide.mdx	11	0
src/data-structures/linear/xorLinkedList/xorLinkedList-guide.mdx	4	0
src/data-structures/probabilistic/bloomFilter/bloomFilter-guide.mdx	3	0
src/data-structures/probabilistic/concurrentSkipList/concurrentSkipList-guide.mdx	6	0
src/data-structures/probabilistic/countMinSketch/countMinSketch-guide.mdx	3	0
src/data-structures/probabilistic/cuckooFilter/cuckooFilter-guide.mdx	3	0
src/data-structures/probabilistic/hyperLogLog/hyperLogLog-guide.mdx	5	0
src/data-structures/probabilistic/minHash/minHash-guide.mdx	4	0
src/data-structures/probabilistic/skipList/skipList-guide.mdx	3	0
src/data-structures/range-query/fenwickTree/fenwickTree-guide.mdx	4	0
src/data-structures/range-query/intervalTree/intervalTree-guide.mdx	4	0
src/data-structures/range-query/persistentSegmentTree/persistentSegmentTree-guide.mdx	3	0
src/data-structures/range-query/segmentTree/segmentTree-guide.mdx	8	0
src/data-structures/range-query/segmentTreeLazy/segmentTreeLazy-guide.mdx	3	0
src/data-structures/range-query/sparseTable/sparseTable-guide.mdx	3	0
src/data-structures/spatial/kdTree/kdTree-guide.mdx	3	0
src/data-structures/spatial/quadtree/quadtree-guide.mdx	2	0
src/data-structures/tree/avlTree/avlTree-guide.mdx	10	0
src/data-structures/tree/bPlusTree/bPlusTree-guide.mdx	11	0
src/data-structures/tree/bTree/bTree-guide.mdx	7	0
src/data-structures/tree/binarySearchTree/binarySearchTree-guide.mdx	4	0
src/data-structures/tree/cartesianTree/cartesianTree-guide.mdx	5	0
src/data-structures/tree/huffmanTree/huffmanTree-guide.mdx	11	0
src/data-structures/tree/linkCutTree/linkCutTree-guide.mdx	5	0
src/data-structures/tree/merkleTree/merkleTree-guide.mdx	2	0
src/data-structures/tree/multiset/multiset-guide.mdx	7	0
src/data-structures/tree/orderStatisticTree/orderStatisticTree-guide.mdx	5	0
src/data-structures/tree/redBlackTree/redBlackTree-guide.mdx	5	0
src/data-structures/tree/scapegoatTree/scapegoatTree-guide.mdx	5	0
src/data-structures/tree/splayTree/splayTree-guide.mdx	6	0
src/data-structures/tree/treap/treap-guide.mdx	7	0
src/data-structures/tree/twoThreeTree/twoThreeTree-guide.mdx	13	0
src/data-structures/trie/ahoCorasick/ahoCorasick-guide.mdx	5	0
src/data-structures/trie/radixTree/radixTree-guide.mdx	5	0
src/data-structures/trie/suffixArray/suffixArray-guide.mdx	6	1
src/data-structures/trie/suffixTree/suffixTree-guide.mdx	9	0
src/data-structures/trie/ternarySearchTree/ternarySearchTree-guide.mdx	6	0
src/data-structures/trie/trie/trie-guide.mdx	3	0
