exit	secs	name	failed_q	file
3	44	knapsack01	Q1	src/algorithms/dp/knapsack01/knapsack01-guide.mdx
3	45	quickSort	Q5	src/algorithms/sorting/quickSort/quickSort-guide.mdx
3	0	mosAlgorithm	Q1,Q5	src/algorithms/array/mosAlgorithm/mosAlgorithm-guide.mdx
3	37	divideAndConquerDp	Q1	src/algorithms/advanced/divideAndConquerDp/divideAndConquerDp-guide.mdx
3	40	countInversions	Q1	src/algorithms/advanced/countInversions/countInversions-guide.mdx
3	42	convexHullTrick	Q1	src/algorithms/advanced/convexHullTrick/convexHullTrick-guide.mdx
3	35	knuthOptimization	Q1,Q3	src/algorithms/advanced/knuthOptimization/knuthOptimization-guide.mdx
0	33	minMaxPair	-	src/algorithms/advanced/minMaxPair/minMaxPair-guide.mdx
0	36	meetInTheMiddleSubsetSum	-	src/algorithms/advanced/meetInTheMiddleSubsetSum/meetInTheMiddleSubsetSum-guide.mdx
3	32	nQueens	Q1	src/algorithms/advanced/nQueens/nQueens-guide.mdx
0	39	bestTimeToBuyAndSellStock	-	src/algorithms/array/bestTimeToBuyAndSellStock/bestTimeToBuyAndSellStock-guide.mdx
3	47	bestTimeToBuyAndSellStockK	Q1	src/algorithms/array/bestTimeToBuyAndSellStockK/bestTimeToBuyAndSellStockK-guide.mdx
3	41	diffArrayRangeUpdate	Q1	src/algorithms/array/diffArrayRangeUpdate/diffArrayRangeUpdate-guide.mdx
3	37	editDistance	Q1	src/algorithms/array/editDistance/editDistance-guide.mdx
3	41	fenwickRangeSum	Q1,Q3,Q5	src/algorithms/array/fenwickRangeSum/fenwickRangeSum-guide.mdx
3	40	houseRobber	Q1	src/algorithms/array/houseRobber/houseRobber-guide.mdx
3	45	kadane	Q1	src/algorithms/array/kadane/kadane-guide.mdx
3	35	largestRectangleInHistogram	Q1	src/algorithms/array/largestRectangleInHistogram/largestRectangleInHistogram-guide.mdx
3	44	longestCommonSubsequence	Q1	src/algorithms/array/longestCommonSubsequence/longestCommonSubsequence-guide.mdx
3	43	longestSubarrayAtMostSum	Q1	src/algorithms/array/longestSubarrayAtMostSum/longestSubarrayAtMostSum-guide.mdx
0	49	longestIncreasingSubsequence	-	src/algorithms/array/longestIncreasingSubsequence/longestIncreasingSubsequence-guide.mdx
0	39	maximumProductSubarray	-	src/algorithms/array/maximumProductSubarray/maximumProductSubarray-guide.mdx
3	33	nextGreaterElement	Q1	src/algorithms/array/nextGreaterElement/nextGreaterElement-guide.mdx
3	37	prefixSumRangeQuery	Q1,Q5	src/algorithms/array/prefixSumRangeQuery/prefixSumRangeQuery-guide.mdx
0	38	segmentTreeRangeMin	-	src/algorithms/array/segmentTreeRangeMin/segmentTreeRangeMin-guide.mdx
3	36	slidingWindowMaximum	Q1	src/algorithms/array/slidingWindowMaximum/slidingWindowMaximum-guide.mdx
3	38	sparseTableRangeMin	Q1	src/algorithms/array/sparseTableRangeMin/sparseTableRangeMin-guide.mdx
3	33	binarySearch	Q1,Q5	src/algorithms/binary-search/binarySearch/binarySearch-guide.mdx
0	38	subarraySumEqualsK	-	src/algorithms/array/subarraySumEqualsK/subarraySumEqualsK-guide.mdx
0	44	parametricBinarySearch	-	src/algorithms/binary-search/parametricBinarySearch/parametricBinarySearch-guide.mdx
0	44	searchInRotatedSortedArray	-	src/algorithms/binary-search/searchInRotatedSortedArray/searchInRotatedSortedArray-guide.mdx
3	48	ternarySearch	Q1,Q4,Q5	src/algorithms/binary-search/ternarySearch/ternarySearch-guide.mdx
3	29	enumerateSubmasks	Q1	src/algorithms/bit-manipulation/enumerateSubmasks/enumerateSubmasks-guide.mdx
3	26	matrixPowerFibonacci	Q1	src/algorithms/bit-manipulation/matrixPowerFibonacci/matrixPowerFibonacci-guide.mdx
3	31	singleNumberXor	Q4	src/algorithms/bit-manipulation/singleNumberXor/singleNumberXor-guide.mdx
3	36	lowestSetBit	Q1	src/algorithms/bit-manipulation/lowestSetBit/lowestSetBit-guide.mdx
0	30	coinChangeWays	-	src/algorithms/dp/coinChangeWays/coinChangeWays-guide.mdx
3	25	expectedValueDp	Q1	src/algorithms/dp/expectedValueDp/expectedValueDp-guide.mdx
0	32	digitDp	-	src/algorithms/dp/digitDp/digitDp-guide.mdx
3	26	matrixChainMultiplication	Q1	src/algorithms/dp/matrixChainMultiplication/matrixChainMultiplication-guide.mdx
3	26	palindromePartitioningMinCut	Q1	src/algorithms/dp/palindromePartitioningMinCut/palindromePartitioningMinCut-guide.mdx
3	33	subsetSum	Q1	src/algorithms/dp/subsetSum/subsetSum-guide.mdx
3	25	treeMaxIndependentSet	Q1	src/algorithms/dp/treeMaxIndependentSet/treeMaxIndependentSet-guide.mdx
3	27	tspBitmask	Q1	src/algorithms/dp/tspBitmask/tspBitmask-guide.mdx
0	26	unboundedKnapsack	-	src/algorithms/dp/unboundedKnapsack/unboundedKnapsack-guide.mdx
3	35	maxCounters	Q1	src/algorithms/etc/maxCounters/maxCounters-guide.mdx
3	32	bentleyOttmann	Q1	src/algorithms/geometry/bentleyOttmann/bentleyOttmann-guide.mdx
0	36	closestPairOfPoints	-	src/algorithms/geometry/closestPairOfPoints/closestPairOfPoints-guide.mdx
3	32	convexHull	Q1	src/algorithms/geometry/convexHull/convexHull-guide.mdx
0	35	pointInPolygon	-	src/algorithms/geometry/pointInPolygon/pointInPolygon-guide.mdx
3	29	polygonArea	Q1	src/algorithms/geometry/polygonArea/polygonArea-guide.mdx
0	26	segmentsIntersect	-	src/algorithms/geometry/segmentsIntersect/segmentsIntersect-guide.mdx
0	34	rotatingCalipersDiameter	-	src/algorithms/geometry/rotatingCalipersDiameter/rotatingCalipersDiameter-guide.mdx
3	29	isBipartite	Q1	src/algorithms/graph-flow/isBipartite/isBipartite-guide.mdx
0	23	maxBipartiteMatching	-	src/algorithms/graph-flow/maxBipartiteMatching/maxBipartiteMatching-guide.mdx
0	33	kruskalMst	-	src/algorithms/graph-flow/kruskalMst/kruskalMst-guide.mdx
0	39	maxFlow	-	src/algorithms/graph-flow/maxFlow/maxFlow-guide.mdx
0	35	minCostMaxFlow	-	src/algorithms/graph-flow/minCostMaxFlow/minCostMaxFlow-guide.mdx
3	37	minCut	Q1	src/algorithms/graph-flow/minCut/minCut-guide.mdx
3	24	articulationPoints	Q1	src/algorithms/graph/articulationPoints/articulationPoints-guide.mdx
3	42	primMst	Q1,Q3	src/algorithms/graph-flow/primMst/primMst-guide.mdx
3	28	bfsShortestPath	Q1	src/algorithms/graph/bfsShortestPath/bfsShortestPath-guide.mdx
3	26	bridgesInGraph	Q1	src/algorithms/graph/bridgesInGraph/bridgesInGraph-guide.mdx
3	38	connectedComponents	Q1	src/algorithms/graph/connectedComponents/connectedComponents-guide.mdx
3	37	countIslands	Q1	src/algorithms/graph/countIslands/countIslands-guide.mdx
3	29	dfsAllPaths	Q1	src/algorithms/graph/dfsAllPaths/dfsAllPaths-guide.mdx
3	20	directedCycleDetection	Q1	src/algorithms/graph/directedCycleDetection/directedCycleDetection-guide.mdx
3	25	dfsTraversal	Q1	src/algorithms/graph/dfsTraversal/dfsTraversal-guide.mdx
3	31	stronglyConnectedComponents	Q1	src/algorithms/graph/stronglyConnectedComponents/stronglyConnectedComponents-guide.mdx
3	34	topologicalSort	Q1	src/algorithms/graph/topologicalSort/topologicalSort-guide.mdx
0	32	undirectedCycleDetection	-	src/algorithms/graph/undirectedCycleDetection/undirectedCycleDetection-guide.mdx
0	29	zeroOneBfs	-	src/algorithms/graph/zeroOneBfs/zeroOneBfs-guide.mdx
2	9	crt	-	src/algorithms/number-theory/crt/crt-guide.mdx
2	8	extendedEuclidean	-	src/algorithms/number-theory/extendedEuclidean/extendedEuclidean-guide.mdx
3	33	binomialModP	Q1	src/algorithms/number-theory/binomialModP/binomialModP-guide.mdx
2	9	fastPower	-	src/algorithms/number-theory/fastPower/fastPower-guide.mdx
3	40	babyStepGiantStep	Q1	src/algorithms/number-theory/babyStepGiantStep/babyStepGiantStep-guide.mdx
2	9	fftMultiply	-	src/algorithms/number-theory/fftMultiply/fftMultiply-guide.mdx
2	8	gcd	-	src/algorithms/number-theory/gcd/gcd-guide.mdx
2	9	isPrimeTrial	-	src/algorithms/number-theory/isPrimeTrial/isPrimeTrial-guide.mdx
2	9	millerRabin	-	src/algorithms/number-theory/millerRabin/millerRabin-guide.mdx
2	8	pollardRho	-	src/algorithms/number-theory/pollardRho/pollardRho-guide.mdx
2	8	sieveOfEratosthenes	-	src/algorithms/number-theory/sieveOfEratosthenes/sieveOfEratosthenes-guide.mdx
2	9	aStarSearch	-	src/algorithms/shortest-path/aStarSearch/aStarSearch-guide.mdx
2	10	bellmanFord	-	src/algorithms/shortest-path/bellmanFord/bellmanFord-guide.mdx
2	10	dagShortestPath	-	src/algorithms/shortest-path/dagShortestPath/dagShortestPath-guide.mdx
2	10	dijkstra	-	src/algorithms/shortest-path/dijkstra/dijkstra-guide.mdx
2	9	floydWarshall	-	src/algorithms/shortest-path/floydWarshall/floydWarshall-guide.mdx
2	8	spfa	-	src/algorithms/shortest-path/spfa/spfa-guide.mdx
2	9	countingSort	-	src/algorithms/sorting/countingSort/countingSort-guide.mdx
2	8	externalMergeSort	-	src/algorithms/sorting/externalMergeSort/externalMergeSort-guide.mdx
2	9	insertionSort	-	src/algorithms/sorting/insertionSort/insertionSort-guide.mdx
2	9	kthSmallest	-	src/algorithms/sorting/kthSmallest/kthSmallest-guide.mdx
2	8	medianFromDataStream	-	src/algorithms/sorting/medianFromDataStream/medianFromDataStream-guide.mdx
2	8	radixSort	-	src/algorithms/sorting/radixSort/radixSort-guide.mdx
2	8	sortArray	-	src/algorithms/sorting/sortArray/sortArray-guide.mdx
2	8	topKFrequent	-	src/algorithms/sorting/topKFrequent/topKFrequent-guide.mdx
2	9	ahoCorasick	-	src/algorithms/string/ahoCorasick/ahoCorasick-guide.mdx
2	9	findAllOccurrences	-	src/algorithms/string/findAllOccurrences/findAllOccurrences-guide.mdx
2	9	kasaiLcp	-	src/algorithms/string/kasaiLcp/kasaiLcp-guide.mdx
2	9	longestPalindrome	-	src/algorithms/string/longestPalindrome/longestPalindrome-guide.mdx
2	9	radixTree	-	src/algorithms/string/radixTree/radixTree-guide.mdx
2	9	suffixArray	-	src/algorithms/string/suffixArray/suffixArray-guide.mdx
2	8	suffixAutomaton	-	src/algorithms/string/suffixAutomaton/suffixAutomaton-guide.mdx
2	8	trie	-	src/algorithms/string/trie/trie-guide.mdx
2	9	heavyLightDecomposition	-	src/algorithms/tree/heavyLightDecomposition/heavyLightDecomposition-guide.mdx
2	9	lowestCommonAncestor	-	src/algorithms/tree/lowestCommonAncestor/lowestCommonAncestor-guide.mdx
2	8	subtreeSumQuery	-	src/algorithms/tree/subtreeSumQuery/subtreeSumQuery-guide.mdx
2	9	treeDiameter	-	src/algorithms/tree/treeDiameter/treeDiameter-guide.mdx
2	9	treeIsomorphism	-	src/algorithms/tree/treeIsomorphism/treeIsomorphism-guide.mdx
2	10	treeRerooting	-	src/algorithms/tree/treeRerooting/treeRerooting-guide.mdx
