path	category	name	defect_grade	verification_grade	escalation	problem_lines	guide_lines	has_reference
src/data-structures/disjoint-set/disjointSetRollback	disjoint-set	disjointSetRollback	-	complexity	-	0	393	true
src/data-structures/disjoint-set/unionFind	disjoint-set	unionFind	-	complexity	-	0	320	true
src/data-structures/graph-repr/dag	graph-repr	dag	-	-	-	80	341	false
src/data-structures/graph-repr/graphAdjList	graph-repr	graphAdjList	-	-	-	87	319	false
src/data-structures/graph-repr/graphAdjMatrix	graph-repr	graphAdjMatrix	-	-	-	92	319	false
src/data-structures/hash/hashMapChaining	hash	hashMapChaining	-	complexity	-	0	675	true
src/data-structures/hash/hashMapOpenAddressing	hash	hashMapOpenAddressing	-	complexity	-	0	642	true
src/data-structures/hash/hashSet	hash	hashSet	-	complexity	-	0	800	true
src/data-structures/hash/lruCache	hash	lruCache	-	complexity	-	0	375	true
src/data-structures/hash/rollingHash	hash	rollingHash	-	-	-	79	304	false
src/data-structures/heap/binomialHeap	heap	binomialHeap	-	complexity	-	0	383	true
src/data-structures/heap/daryHeap	heap	daryHeap	-	complexity	-	0	415	true
src/data-structures/heap/fibonacciHeap	heap	fibonacciHeap	-	complexity	-	0	502	true
src/data-structures/heap/leftistHeap	heap	leftistHeap	-	complexity	-	0	656	true
src/data-structures/heap/maxHeap	heap	maxHeap	-	complexity	-	0	391	true
src/data-structures/heap/minHeap	heap	minHeap	-	complexity	-	0	381	true
src/data-structures/heap/pairingHeap	heap	pairingHeap	-	complexity	-	0	363	true
src/data-structures/heap/priorityQueue	heap	priorityQueue	-	complexity	-	0	511	true
src/data-structures/heap/vanEmdeBoasTree	heap	vanEmdeBoasTree	-	complexity	-	0	402	true
src/data-structures/linear/bitArray	linear	bitArray	-	-	-	96	320	false
src/data-structures/linear/circularBuffer	linear	circularBuffer	-	basic	-	0	540	true
src/data-structures/linear/deque	linear	deque	A	complexity	-	0	318	true
src/data-structures/linear/doublyLinkedList	linear	doublyLinkedList	-	-	-	78	312	false
src/data-structures/linear/dynamicArray	linear	dynamicArray	-	-	-	78	325	false
src/data-structures/linear/gapBuffer	linear	gapBuffer	-	invariant	-	0	687	true
src/data-structures/linear/monotonicQueue	linear	monotonicQueue	-	-	-	77	765	false
src/data-structures/linear/monotonicStack	linear	monotonicStack	-	-	-	87	305	false
src/data-structures/linear/pieceTable	linear	pieceTable	-	-	-	82	338	false
src/data-structures/linear/queue	linear	queue	C	basic	-	0	445	true
src/data-structures/linear/singlyLinkedList	linear	singlyLinkedList	-	-	-	76	328	false
src/data-structures/linear/stack	linear	stack	-	basic	-	0	272	true
src/data-structures/linear/unrolledLinkedList	linear	unrolledLinkedList	A	complexity	-	0	650	true
src/data-structures/linear/xorLinkedList	linear	xorLinkedList	B	invariant	opt	0	385	true
src/data-structures/probabilistic/bloomFilter	probabilistic	bloomFilter	-	-	-	72	337	false
src/data-structures/probabilistic/concurrentSkipList	probabilistic	concurrentSkipList	B	concurrency	req	0	537	false
src/data-structures/probabilistic/countMinSketch	probabilistic	countMinSketch	-	-	-	72	353	false
src/data-structures/probabilistic/cuckooFilter	probabilistic	cuckooFilter	-	-	-	93	372	false
src/data-structures/probabilistic/hyperLogLog	probabilistic	hyperLogLog	-	-	-	95	374	false
src/data-structures/probabilistic/minHash	probabilistic	minHash	-	-	-	102	361	false
src/data-structures/probabilistic/skipList	probabilistic	skipList	-	-	-	86	372	false
src/data-structures/range-query/fenwickTree	range-query	fenwickTree	-	complexity	-	0	484	true
src/data-structures/range-query/intervalTree	range-query	intervalTree	A	complexity	-	0	544	true
src/data-structures/range-query/persistentSegmentTree	range-query	persistentSegmentTree	-	complexity	-	0	314	true
src/data-structures/range-query/segmentTree	range-query	segmentTree	-	complexity	-	0	581	true
src/data-structures/range-query/segmentTreeLazy	range-query	segmentTreeLazy	-	complexity	-	0	368	true
src/data-structures/range-query/sparseTable	range-query	sparseTable	-	complexity	-	0	214	true
src/data-structures/spatial/kdTree	spatial	kdTree	-	complexity	-	0	352	true
src/data-structures/spatial/quadtree	spatial	quadtree	-	complexity	-	0	425	true
src/data-structures/tree/avlTree	tree	avlTree	-	complexity	-	0	646	true
src/data-structures/tree/bPlusTree	tree	bPlusTree	-	complexity	-	0	1026	true
src/data-structures/tree/bTree	tree	bTree	-	complexity	-	0	1098	true
src/data-structures/tree/binarySearchTree	tree	binarySearchTree	-	invariant	-	0	1148	true
src/data-structures/tree/cartesianTree	tree	cartesianTree	-	complexity	-	0	546	true
src/data-structures/tree/huffmanTree	tree	huffmanTree	-	-	-	73	670	false
src/data-structures/tree/linkCutTree	tree	linkCutTree	-	complexity	-	0	704	true
src/data-structures/tree/merkleTree	tree	merkleTree	-	-	-	65	295	false
src/data-structures/tree/multiset	tree	multiset	A	complexity	-	0	608	true
src/data-structures/tree/orderStatisticTree	tree	orderStatisticTree	-	complexity	-	0	1001	true
src/data-structures/tree/redBlackTree	tree	redBlackTree	-	complexity	-	0	584	true
src/data-structures/tree/scapegoatTree	tree	scapegoatTree	-	complexity	-	0	1150	true
src/data-structures/tree/splayTree	tree	splayTree	-	complexity	-	0	1004	true
src/data-structures/tree/treap	tree	treap	-	complexity	-	0	965	true
src/data-structures/tree/twoThreeTree	tree	twoThreeTree	-	complexity	-	0	734	true
src/data-structures/trie/ahoCorasick	trie	ahoCorasick	-	-	-	84	382	false
src/data-structures/trie/radixTree	trie	radixTree	-	-	-	78	424	false
src/data-structures/trie/suffixArray	trie	suffixArray	C	complexity	-	0	592	true
src/data-structures/trie/suffixTree	trie	suffixTree	C	complexity	-	0	934	true
src/data-structures/trie/ternarySearchTree	trie	ternarySearchTree	-	invariant	-	0	907	true
src/data-structures/trie/trie	trie	trie	-	-	-	76	315	false
